text1,text2,human
All the home alones watching 8 mile,8 mile is on thats my movie,3
All the home alones watching 8 mile,The last rap battle in 8 Mile nevr gets old ahah,2
All the home alones watching 8 mile,The rap battle at the end of 8 mile gets me so hype,2
The Ending to 8 Mile is my fav part of the whole movie,Rabbit on 8 mile out of place but determined to make it,1
The Ending to 8 Mile is my fav part of the whole movie,See 8 Mile is always on but it s the tv version so it s gay,1
The Ending to 8 Mile is my fav part of the whole movie,Those last 3 battles in 8 Mile are THE shit,4
0 and 8 mile on at the same time,It s just rap lyrics from the movie 8 mile,1
0 and 8 mile on at the same time,I will never get tired of 8 Mile,2
Well at least 8 Mile is on,Watching 8 Mile for the 76283936154th time,3
Well at least 8 Mile is on,My favorite movie ever is 8 mile,3
Well at least 8 Mile is on,In 8 Mile in a scene the background music is Sweet Home Alabama,2
Well at least 8 Mile is on,8 mile is on havent seen this movie in the longest,4
The last rap battle in 8 mile though,But why were people watching the heat play when 8 mile is on,1
The last rap battle in 8 mile though,I think everyone is watching 8 mile Rn,1
8 mile is just a classic,the ending of 8 mile is prolly the best part of the whole movie,3
8 mile is just a classic,After watching 8 mile I feel like such a thug,3
8 mile is just a classic,8 mile that movie I love eminem in this movie,4
Well at least 8 Mile is on,Listened to the final rap battle from 8 mile and now Im watching the whole movie,2
Well at least 8 Mile is on,8 mile has been that movie,1
Well at least 8 Mile is on,I really did miss my part on 8 Mile,1
Well at least 8 Mile is on,Lose Yourself is the perfect song to end 8 mile on,1
Well at least 8 Mile is on,This is my favorite scene of 8 mile,3
8 mile is on friday made,I missed the best part of 8 mile,2
8 mile is on friday made,8 mile is such an awesome movie,2
Oh shit niggy 8 mile is on,Eminem s rap in the final battle of 8 Mile gets me pumped every time,2
Oh shit niggy 8 mile is on,My favorite part of 8 mile is about to come up,3
Oh shit niggy 8 mile is on,While yall argue about the game 8 mile is on MTV,4
Ok good the end of 8 Mile is on,The end of 8 Mile makes me so happy,4
Ok good the end of 8 Mile is on,The last 3 rap battles in 8 mile always get me hyped af,4
Ok good the end of 8 Mile is on,I always get the movies 8 mile and green mile mixed up,2
Ok good the end of 8 Mile is on,All the home alones watching 8 mile,3
Let s go see after earth,Did After Earth already come out,2
Let s go see after earth,I need to go see After Earth The purge ans Man Of Steel,3
Let s go see after earth,idk I think we might go see after earth later if we do you wana go,4
Anyone trying to see After Earth sometime soon,Me and my son went to see After Earth last night,2
Anyone trying to see After Earth sometime soon,I wanna go see After Earth officialjaden,3
Anyone trying to see After Earth sometime soon,I wanna come watch after Earth with you,3
who wants to see after earth with me todayyyy,I could of told Will Smith that After Earth was going 2 crash,1
who wants to see after earth with me todayyyy,I knew After Earth would tank,1
who wants to see after earth with me todayyyy,I wanna go see After Earth or Epic,3
who wants to see after earth with me todayyyy,After Earth finishes with 27 million,1
who wants to see after earth with me todayyyy,even if After Earth is a good movie,1
I see the After Earth reviews are not positive,Ether to see after earth or fast 6,1
I see the After Earth reviews are not positive,Wow AFTER EARTH really bombed huh,3
I see the After Earth reviews are not positive,I need to watch after earth tho,1
I just want to go see after earth,Im taking my little brother to go see After Earth today,3
i need to watch after earth asap,At the theater with the little about do watch After Earth,2
i need to watch after earth asap,Someone needs to come see after earth with me,4
i need to watch after earth asap,someone come watch after earth will me June 7th,3
i need to watch after earth asap,After Earth is a great ass movie,2
Heading out to see After Earth in a bit,Goin to see after earth with the fam,5
Heading out to see After Earth in a bit,will smith s speech in after earth is so relevant,2
Heading out to see After Earth in a bit,Just got done eating chinese with the fam now ganna go see after earth,5
Going to see after earth but,After earth is out and I havent seen it yet,2
Going to see after earth but,wanted to watch After Earth today,3
Who wants to take me to see After Earth,Finally in the theaters to see after earth,3
Who wants to take me to see After Earth,the hangover 3 and after earth are both really good,1
I wanna see the movie after earth,I kinda wanna see After Earth as well,5
I wanna see the movie after earth,NOW YOU SEE ME and AFTER EARTH Cant Outpace FAST FURIOUS 6,1
I wanna see the movie after earth,After Earth 039 trumped by 039 Now You See Me 039 as 039 Fast,1
the US and belgium are tied at half,Come on Romelu get some goals for Belgium,1
the US and belgium are tied at half,Mirallas with a soft and cool finish off the rebound to put Belgium up 10,1
Dude Belgium is freakin staked,US vs Belgium or the wings,1
Dude Belgium is freakin staked,Belgium almost take the lead in the 27th min,1
Belgium s gonna rape by the USA,What kind of formation Belgium playing there,2
Belgium s gonna rape by the USA,At half US 1 Belgium 1 Indians 5,1
Belgium s gonna rape by the USA,Who s in goal for Belgium for the USMNT friendly,1
Belgium vs USA you watching,Vernaelen always gets injured for Belgium,2
Belgium vs USA you watching,Im not even watching the game but i see Belgium scored already,3
Belgium vs USA you watching,6th minute Belgium with the score,2
Belgium vs USA you watching,Belgium in a friendly instead,1
Watching the USMNT vs the talented Belgium team,The Belgium GK wasnt trying to concede another goal,1
Watching the USMNT vs the talented Belgium team,that being said US 21 Belgium,1
Watching the USMNT vs the talented Belgium team,At half US 1 Belgium 1 Indians 5,3
yeah Belgium is definitely good,what s up with the nonHD main camera at the USBelgium soccer game,1
yeah Belgium is definitely good,Belgium vs USA you watching,2
yeah Belgium is definitely good,USA not looking good early in their friendly with Belgium,3
Belgium has a great team,Predicting a 31 for Belgium,3
Belgium has a great team,a little late to the USABelgium game,1
Belgium has a great team,USA is taking a tough blow from the Belgium national team right now,3
I love everyone on the Belgium squad,Belgium is playing 4 centerbacks and fellani and they concede on a set piece,2
I love everyone on the Belgium squad,In other news this Belgium squad taking on USMNT is STACKED,4
I love everyone on the Belgium squad,It s Belgium we got this,3
Rafa Benitez is still a massive prick,Mourinho to city Benitez to stay at Chelsea,1
Rafa Benitez is still a massive prick,Chelsea FC wouldnt get rid of Benitez now,1
Rafa Benitez he s too good for you,I hope Chelsea fans are thoroughly embarrassed now with the way they treated Benitez,1
Rafa Benitez he s too good for you,Thank you for your tactics Benitez,2
Rafa Benitez he s too good for you,Got alot of time for rafa Benitez,1
Benitez is a sick manager,Rafa Benitez EuropeanGenius and they didnt want him,3
Benitez is a sick manager,Well done to Rafa Benitez a dignified man,2
congratulations to petr ech and rafa benitez,Rafa Benitez a free agent,1
congratulations to petr ech and rafa benitez,Credit where credits due to Rafa Benitez,4
God forbid lyknx Rafa Benitez,How can chelsea fans still hate benitez,1
Thank you very much Rafa Benitez,Congratulation chelsea for winning the europa league most especially Rafa Benitez and Torres,3
Thank you very much Rafa Benitez,Why do liverpool fans love benitez so much,1
Rafa Benitez I must thank you,I am so happy for RAFA BENITEZ VictorMoses and Mikel,2
Rafa Benitez I must thank you,Pleased for Benitez hasnt deserved the stick he s got,2
Rafa Benitez I must thank you,Once a red always a blue rafa Benitez we want you,2
THANK YOU SO MUCH RAFA BENITEZ,Benitez is alright tho man fuck chelsea fans they suck asshole,2
THANK YOU SO MUCH RAFA BENITEZ,Credit where credits due to Rafa Benitez,4
THANK YOU SO MUCH RAFA BENITEZ,Cant see Chelsea players lifting Benitez high,3
Rafa Benitez deserves a hell of a thank you,Any praise for Benitez from my Chelsea followers lol,5
I dont understand the hatred for Rafa Benitez,Top 4 and a trophy and still they dont give any respect for Benitez,4
Big 12SEC announce basketball challenge,Bill Self to the Big 12,1
Big 12SEC announce basketball challenge,The Big 12 just got a whole lot more interesting,2
Big 12SEC announce basketball challenge,Just when you thought Bill Self wasnt going to own the Big 12 for another year,1
Big 12SEC announce basketball challenge,Oklahoma in Houston also among the 10 SECBig 12 matchups,1
Kansas just won the Big 12 championship again,Did kU win the Big 12 Quidditch Championship,4
Kansas just won the Big 12 championship again,He can fuck up the Big 12 all he wants,1
Kansas just won the Big 12 championship again,So what if the Big 12 had 14 teams,1
Sorry to the rest of the big 12,And Kansas once again will win the Big 12,1
The big 12 is about to be so stacked next year,How many of those who were handing the Big 12 to Okla,1
The big 12 is about to be so stacked next year,well I think Kansas will not win the Big 12 next season in mens basketball,3
will prolly win the Big 12,UKBig 12 challenge officially announced today,1
will prolly win the Big 12,21 in Houston as part of Big 12SEC Challenge,1
will prolly win the Big 12,No reason Kansas should lose a game in the big 12,1
will prolly win the Big 12,The whole Big 12 but Okiestate in particular just lost their minds,1
Sorry to the rest of the big 12,Texas Tech will play at Alabama in the SECBig 12 Basketball Challenge on Nov,1
UK part of the Big 12SEC Challenge,There is NOOOO competition in Big 12 basketball,1
well the big 12 just got decided,to win the big 12 in all three major sports in the same year,1
well the big 12 just got decided,SECBig 12 Challenge in hoops has been announced to begin in 201314,1
well the big 12 just got decided,So Wiggins Is Settling For Playing In The Garbage Ass Big 12,1
Just wish he wasnt in the Big 12,Big 12 is gonna be exciting,1
Just wish he wasnt in the Big 12,the BIG 12 goes through LAWRENCE,1
hannahbush were in Reigate,I just found out Marilyn Monroe has a full bush,0
hannahbush were in Reigate,Classic redhead with a natural bush,0
hannahbush were in Reigate,Hahah I heard your dumbass woke up in a bush,0
I dont have time for beating around the bush,Honey has a brush with her non existent bush,0
Ctfu the man in the bush,How the hell could Obama kill more than Bush did in Iraq,0
Ctfu the man in the bush,george bush is never a truther,0
Ctfu the man in the bush,Im a fan of Clintons Pretty much despise Bush,0
He is worse than Bush,It was under Bush it is now,1
He is worse than Bush,Did Obama and the Dems trust the Bush Government,1
He is worse than Bush,that the Libs are going to say its Bush s fault and Im a racist,1
Then time to trim the rose bush,I dint like it under Bush either Obama has radically expanded it,0
I want the Bush days back,Dont beat around the bush just say it,0
I want the Bush days back,fell in a spiky bush and I have a prickly thing in my finger,0
I want the Bush days back,i once walked into a bush outside school and literally apologised to it,0
I want the Bush days back,Bush wiretapped without warrants Obama had them,1
Footbridge over the River Bush,started under bush and Im sure you were cool with it then,0
Footbridge over the River Bush,The new Bush tour merchandise is now available,0
Footbridge over the River Bush,we live near a bush reserve,0
I did for Bush as well,in my actual bush in a bush in Bushey,0
I did for Bush as well,it started way before Bush Jr,0
Darling stop beating around the bush,They called Bush hitler too,0
FUCK THE GOVERNMENT FUCK THE OBAMA ADMINISTRATION FUCK BUSH FUCK BUSH SR,Why cant everyone just tell it how it is instead of beating around the bush,0
FUCK THE GOVERNMENT FUCK THE OBAMA ADMINISTRATION FUCK BUSH FUCK BUSH SR,And his legs can have hair but no bush,0
Yeah CHALMERS that s a foul,Allen Bosh Chalmers James at Wade,1
Yeah CHALMERS that s a foul,Chalmers makes me mad low key,2
Yeah CHALMERS that s a foul,Chalmers steady chasing on defense,1
Yeah CHALMERS that s a foul,I like Cole s onball defense better than Chalmers,1
And now chalmers with the scoop layup,Anybody see David West Elbow the hell out of Chalmers bad shoulder,1
Mario Chalmers pissin me off,MARIO CHALMERS JUST THREW IT TO HIS COACH HAHAHA,1
Mario Chalmers pissin me off,Spo aint in the game chalmers,1
Mario Chalmers pissin me off,Mario Chalmers needs to get punched in the face,4
Mario Chalmers pissin me off,Chalmers throws it out of bounds,2
Chalmers just walked with the ball,Uhm Chalmers didnt just travel,5
Mario Chalmers looks like Mario,Then Chalmers fucks up again lmao,1
Mario Chalmers looks like Mario,Lucky ass shxt by Chalmers,1
I hate Mario Chalmersdont know why,idc idc chalmers be making me mad,4
I hate Mario Chalmersdont know why,Why is Mario Chalmers starting,2
CHALMERS IS THE TURNOVER KING,Didnt everyone love Mario Chalmers last year,1
CHALMERS IS THE TURNOVER KING,Mario chalmers might as well go to the locker room and put on a pacer jersey,3
Chalmers is always complaining to the refs,LMFAOOO who tf you throwing to Chalmers,1
Chalmers is always complaining to the refs,James with the block and then wade to James James to chalmers for the finish,1
Chalmers is always complaining to the refs,This is like the 27th time chalmers fucked up,1
Chalmers is always complaining to the refs,Chalmers would lock you down bubs,1
Chalmers is always complaining to the refs,Mario Chalmers is easily my worst favorite player in the NBA,2
The fuck Chalmers is doing,The fuck Chalmers is doing,5
The fuck Chalmers is doing,It s so hard to root for Chalmers,3
The fuck Chalmers is doing,Do I watch the game or Chalmers face,2
The fuck Chalmers is doing,Uhm Chalmers didnt just travel,2
Chara get in that box,Chara is dirtier than a Fresno adult film star,4
Chara is just a big goon,wheres the call on chara,3
Orr should beat the shit out of chara,What s better than seeing Chara getting dropped by Orr,5
watching chara go down is the best feeling,Chara s playing with hate in heart,2
Orr vs Chara is like a Jack Russell vs a Wolfhound,Chara is 7 feet tall basically a Titan,3
Orr vs Chara is like a Jack Russell vs a Wolfhound,Chara is the most overrated player in the league,1
Orr vs Chara is like a Jack Russell vs a Wolfhound,Chara move your feet along the boards,1
Orr vs Chara is like a Jack Russell vs a Wolfhound,FINALLY CHARA IS GIVEN A PENALTY,1
Chara is 69 Holy shit,Orr wants a piece of chara I swear,1
Chara is 69 Holy shit,Okay who else saw that beauty hit to chara by orr,1
Chara is 69 Holy shit,When anyone on the leafs knock down Chara I laugh so hard,1
Chara is 69 Holy shit,Amazing how bad Chara looks when the speed of the game picks up,1
Colton Orr lowers the boom on Chara,Why is chara playing like a bitch,1
Colton Orr lowers the boom on Chara,BOOOOOMM down went chara again,2
Colton Orr lowers the boom on Chara,Zideno Chara is a brick wall on skates,1
Orr with a big hit on Chara,Chara penalty on the play,1
Orr with a big hit on Chara,Chara called for a high stick on the play too,1
Orr with a big hit on Chara,I keep waiting for the chara vs orr fight,4
Chara is a disgrace to the NHL,Chara is a crash dummy in this game,3
Chara is a disgrace to the NHL,Chara is just a big goon,4
Chara is a disgrace to the NHL,When chara gets checked and hits the ground I just get happy idk why,3
but orr keeps pushing chara,Imma blame Chara for Lupul missing that one,2
but orr keeps pushing chara,Why is Chara allowed to take down people without the puck,1
except Im in Chicago at the moment,When do you plan to be at 600 W Chicago next,0
except Im in Chicago at the moment,Big game 7 here in Chicago tonight,0
except Im in Chicago at the moment,I checked in at Chicago Park District,2
Anyone wanting to go to the JT concert 722 in Chicago,Nice new Guideshop in Chicago,1
Anyone wanting to go to the JT concert 722 in Chicago,The North side of Chicago is happy,0
Anyone wanting to go to the JT concert 722 in Chicago,just watched season finale of chicago fire and cried,0
See you in Chicago Dierks,I really wanna do the color run in Chicago lol,0
See you in Chicago Dierks,The ungeekedeliteschicago Daily is out,0
See you in Chicago Dierks,I am watching Chicago Fire A Hell of a Ride,0
See you in Chicago Dierks,panoramic shot of noKXL and stop deportations rallies at Obama fundraiser in Chicago,0
Im just saying game 7 in Chicago,blogher is in chicago this year,0
Im just saying game 7 in Chicago,Wings in a must win in Chicago,2
Im just saying game 7 in Chicago,Id definitely be happy to help but I wont be back in Chicago until Sunday,0
Game 7 in Chicago tonight,By Micheline Maynard Contributor Chicago has,0
Game 7 in Chicago tonight,bro you in chicago widdit yet,0
Game 7 in Chicago tonight,is L still looking for a copy of Chicago,0
youre in Chicago and were here to say nokxl,hope you and Hunter made it to Chicago this time,1
youre in Chicago and were here to say nokxl,Flying to chicago on the 14th,1
Good week to be a Northsiderrr in Chicago,go to north coast in chicago its way cheaper and the same weekend,0
Good week to be a Northsiderrr in Chicago,Leaving early tomorrow morning to go to the Hospital in Chicago,0
Ahh Obama s in Chicago,I live in South Ontario but have great friends in Chicago,0
Ahh Obama s in Chicago,did u really quit your job to go to edc chicago,0
Ahh Obama s in Chicago,youre in Chicago and were here to say nokxl,0
Ahh Obama s in Chicago,Night in Chicago with my ladies,0
I cannot WAIT to go to Chicago,Chicago is saying this todayEven nonhockey fans,0
I cannot WAIT to go to Chicago,It was a day of impulse buys in Chicago,1
youre in Chicago and were here to say nokxl,Just bought a ticket to Chicago for 2350 round trip,0
youre in Chicago and were here to say nokxl,If Chicago does I can officially turn off the TV for the season,0
Yes yo CHRIS DAVIS IS BATS,Would you want to watch Chris Davis in the home run derby,3
Yes yo CHRIS DAVIS IS BATS,And Chris Davis homer s again,3
Yes yo CHRIS DAVIS IS BATS,Is that Chris Davis out there,1
Yes yo CHRIS DAVIS IS BATS,people actually keep pitching to Chris Davis,3
Go Os Chris Davis is a hunk,Chris Davis launches a tworun homer to add a few insurance runs,3
Go Os Chris Davis is a hunk,Chris Davis is on pace for 58 HR and 153 RBI this season,3
Wow Chris Davis is only 27,Chris Davis actually reminds me of Hamilton at the plate,1
Chris Davis rules the Yard tonight,So um Chris Davis you guys,1
Chris Davis rules the Yard tonight,So happy Chris Davis is on my fantasy team,2
Chris Davis rules the Yard tonight,No other words but shut the front door Chris Davis is my not so secret crush,1
Chris Davis is way to nice,Is Chris Davis a top 5 hitter in baseball right now,2
Chris Davis is way to nice,I cant lie Chris Davis is a babe,3
Chris Davis is way to nice,WHAT THE HELL DOES CHRIS DAVIS EAT FOR BREAKFAST,1
Chris Davis is on the roids BIG TIME,Ayo smh Chris Davis TEACH ME,1
Chris Davis is on the roids BIG TIME,When is the Chris Davis ped suspension coming,1
Chris Davis is on the roids BIG TIME,Chris Davis is on pace for about 56 HRs,2
Chris Davis is on the roids BIG TIME,Im borderline gay for Chris Davis,1
Chris Davis is on the roids BIG TIME,Wow is Chris Davis seriously leading the MLB in Home runs this year,2
Chris Davis is on the roids BIG TIME,Does anyone have a smoother HR swing than Chris Davis,2
Chris Davis is on the roids BIG TIME,WTF otro tablazo de Chris Davis,1
Chris Davis is putting the team on his back,Get to see Chris Davis tomorrow,1
Chris Davis is putting the team on his back,My god Chris Davis is an animal,2
Chris Davis is putting the team on his back,Chris Davis is so fucking good,4
Chris Davis is putting the team on his back,Chris Davis doing what he does,4
Chris Davis is putting the team on his back,Wow is Chris Davis seriously leading the MLB in Home runs this year,4
Chris Davis is putting the team on his back,why is chris davis such a babe,1
chris davis is 44 with two bombs,Chris Davis of the Orioles is better than you at hitting,1
chris davis is 44 with two bombs,Chris Davis has 2 home runs tonight,4
Wait Chris Davis is coming to Catonsville,Chris Davis is an absolute animal,1
Wait Chris Davis is coming to Catonsville,CHRIS DAVIS HITS TWO HOMERS AND IS GOING TO BE AT MY SCHOOL TOMORROW,4
Diddy Drops A New Flavor Of CIROC,ALERT ALERT ALERT ITS A NEW CIROC OUT,4
Diddy Drops A New Flavor Of CIROC,I dont understand Amaretto Ciroc,1
New Ciroc Amaretto I NEED THAT,There is a new Ciroc flavor amaretto,4
New Ciroc Amaretto I NEED THAT,My thoughts exactly on this Ciroc flavored amaretto,3
New Ciroc Amaretto I NEED THAT,Oh shit I gotta try that new ciroc flavor,5
New Ciroc Amaretto I NEED THAT,New Ciroc flavor on the market gotta try that shit,5
it s a Ciroc new flavor,I love Ciroc and I love Amaretto,3
it s a Ciroc new flavor,Ciroc is shit vodka anyway,1
it s a Ciroc new flavor,I think its going to be a ciroc night,1
it s a Ciroc new flavor,Ciroc got a new flavor comin out,5
That s the new Ciroc flavor,Need a little taste of that new Ciroc,3
That s the new Ciroc flavor,that amaretto ciroc is a thing,3
it s a new ciroc flavor,what was wrong with that Ciroc tho,2
it s a new ciroc flavor,That new Ciroc flavor gon set the streets on fire,2
The new Ciroc flavor has arrived,Diddy Got A New Ciroc Called Amaretto Smfh,4
The new Ciroc flavor has arrived,I dont drink but amaretto ciroc is interesting,4
The new Ciroc flavor has arrived,Lol word NickLoMax New ciroc flavor drop on a 90 degree day,1
The new Ciroc flavor has arrived,Ciroc got a new flavor comin out,5
They have a new Amaretto Ciroc,if that is really a new Ciroc flavor then I am DEFINITELY trying it,3
New Amaretto Ciroc coming out,They have a new flavor of ciroc,5
New Amaretto Ciroc coming out,you the spokesperson for Ciroc b,1
New Amaretto Ciroc coming out,Im waiting on the grape koolaid ciroc,3
I like that berry ciroc,New flavor of ciroc coming doe,1
I like that berry ciroc,but yall so damn hype bout the new ciroc,1
They making a new ciroc,No Ciroc just announced their new flavor Amaretto,4
They making a new ciroc,we need to try the new Ciroc,4
They making a new ciroc,New Ciroc flavor qmangxxx when we testin it out,3
The level of competition across Europe is astounding,If only England was in Europe,0
Ask yourself this is America in Europe,All Europe watch this show right now,0
Ask yourself this is America in Europe,Sure in Greece the alcohol is free when the rest of Europe pays it,0
Ask yourself this is America in Europe,Christ how do they breed these things in Eastern Europe,0
toshfromthebill is Azerbaijan in Europe,Firstly youre not in Europe,0
toshfromthebill is Azerbaijan in Europe,Is that legal in Europe,0
toshfromthebill is Azerbaijan in Europe,If Eurovision is vision of Europe were fucked,0
Ask yourself this is America in Europe,Doubt theyll be the same for the rest of Europe,0
Ask yourself this is America in Europe,everyone else in Europe chips in to pay for it,0
Is South Korea in Europe,I love how many of you Europeans are acknowledging new countries that are in Europe,0
Is South Korea in Europe,oh okay Im actually from Europe but Im not watching it,0
Please Europe vote forAzerbaijan in Eurovision2013,Could someone please tell eastern europe the Shakira dream is over,0
it is a song contest between all the countries in Europe,Well I still live in Europe too but you know,0
Restoring hope in MILF s for all of Europe,ARGENTINA ARE NOT IN EUROPE,0
Restoring hope in MILF s for all of Europe,Why are the girls in Europe so pretty fml,0
That s what were watching in Europe,If only England was in Europe,0
That s what were watching in Europe,And the winner is dvntownsend because this is my new regime Europe,0
That s what were watching in Europe,someone told me it s a song contest for Europe,0
Family Guy is fucking weird lol,Family guy on black women in hindsight is so funny,2
I wish family guy was on right now,The episode of Quagmire and Meg together as a couple on Family Guy,1
I wish family guy was on right now,If anyone s watching family guy this episode is so gay SeeWhatIDidTheir lol,1
Family guy is KILLING it tonight,Eating My Ultimate Bacon Cheeseburger Watching Family Guy,2
Family guy is KILLING it tonight,This gotta be the funniest episode of family guy,5
Family guy is KILLING it tonight,I have to fall asleep watching family guy I just have to,3
family guy is trending in the US,Family Guy never fails at making me laugh,1
family guy is trending in the US,I swear Fuck Family Guy for being that funny tonight,1
family guy is trending in the US,Yeah I refuse to give Family Guy credit for anything original,1
family guy is trending in the US,Family guy is so racist or maybe they just point out the racism in America,1
This episode of family guy is FREAKING ME OUT,Family Guy said that New Orleans is the party capital of America,1
This episode of family guy is FREAKING ME OUT,Lmao my dad texted me singing the prom night dumpster baby song from family guy,1
This episode of family guy is FREAKING ME OUT,It was just on my tv lol I was watching family guy Paaigeenicolee,1
The creator of family guy is a genius,I love Family Guy but I cant stand the theme song,1
The creator of family guy is a genius,oomf has me hooked on watching family guy,1
I havent seen this episode of family guy,Family guy funnier but American dad is more consistently funny,1
Family guy is really a reality show,Family guy is such a funny show,1
Family guy is really a reality show,all i watch is family guy,1
I see everybody watching family guy tonight,I havent watched Family Guy in forever,1
Omg Family Guy is killing me right now,OMG we were quoting family guy,1
Omg Family Guy is killing me right now,Family Guy hasnt been funny for a long time,1
Have to be home to watch game 7 tonight,If youre not planning to watch game 7 of the Blackhawks vs,2
Come watch the Blackhawks in game 7 tonight,I wish I had friends to watch game 7 with,3
Come watch the Blackhawks in game 7 tonight,Who s pumped for this game 7,3
Cable is out and Game 7 for the Hawks,Another big game 7 tonight in the NHL,1
Cable is out and Game 7 for the Hawks,hes Here to watch the chicago blackhawks win game 7 Hi Rahm,2
Cable is out and Game 7 for the Hawks,To be fair they took it to game 7,1
Smoked a chicken on the grill for game 7,Abbreviated evening show tonight following Game 7,1
Smoked a chicken on the grill for game 7,I have nearly an hour until game 7 for the red wings Blackhawks,1
Smoked a chicken on the grill for game 7,Got more money on Game 7,1
Game 7 in a few minutes,You got this shit in the bag love the game 7 dramatic finish,1
Game 7 in a few minutes,this is going to be an extremely intense game 7 tonight,1
well tonight is game 7 for the Blackhawks,God does not want me to watch Game 7,2
well tonight is game 7 for the Blackhawks,Game 7 how much FUN is this,3
game 7 in a few hours,Open Post Game 7 Detroit vs,2
game 7 in a few hours,Going to try taping Game 7 and watching it after softball,2
game 7 in a few hours,hawks game 7 in the chi,2
game 7 in a few hours,Game 7 should be a good one,2
game 7 in a few hours,2nd Game 7 in two nights,1
Getting ready to watch the Hawks WIN Game 7,Its game 7 between the hawks and wings,3
Blackhawks Red Wings in a game 7,Thoughts on today s game 7,2
Blackhawks Red Wings in a game 7,Cable is out and Game 7 for the Hawks,1
Blackhawks Red Wings in a game 7,HAWKSWINGS with SOUND Game 7 at 8,1
Blackhawks Red Wings in a game 7,Put it there after the Kadri goal in game 7,1
Blackhawks better win game 7 tonight,What channel is this game 7 on,1
Blackhawks better win game 7 tonight,I need a xanax and a drink to calm my game 7 nerves,2
how the hell is GOP paying for my food,She was rightly exasperated by the GOP bullies long out to besmirch her name,1
how the hell is GOP paying for my food,Obama must have figured a way to blame Bush or GOP for IRS scandal,1
how the hell is GOP paying for my food,Remember all the gop senators she had all their private info,1
how the hell is GOP paying for my food,Will the Benghazi and IRS Probes Do More Damage to Obama or the GOP,1
helps restore the GOP brand name,The GOP really wants Democrats to screw up like they do but it never happens,1
helps restore the GOP brand name,GOP needs to listen to young people across the country,2
Now that the GOP is out of ideas impeach Obama,It sounded better than being GOP,1
Now that the GOP is out of ideas impeach Obama,Now GOP want to drop Benghazi FlipFlop to IRS NonIssue,3
I dont associate with the GOP I am libertarian,All this and still the GOP will be extinct in 10 years,2
I dont associate with the GOP I am libertarian,41 of GOP think Benghazi is the biggest scandal in history,2
I dont associate with the GOP I am libertarian,McCain tries to bully GOP to his rhino ways,1
I dont associate with the GOP I am libertarian,Who is else is in danger because of GOP s cuts,2
where are the jobs GOP,The GOP said the same thing about the TVA Social Security NASA Medicare,1
where are the jobs GOP,Why is it GOP s job,1
where are the jobs GOP,Limmer GOP now speaking and Sen,1
where are the jobs GOP,What more did GOP want,1
where are the jobs GOP,Sarah Palin would have a narrow edge in the GOP primary to challenge Sen,1
Why is it GOP s job,247 attacks against POTUS and HE is baiting the GOP,1
scandal is a wrapped political gift for the GOP,Im GOP and am working to reelect the GOP candidates in my county,1
scandal is a wrapped political gift for the GOP,Let IRS walk which is of GOP controlled House of Reps,2
According to O the GOP is old and on its way out,yeah of course the GOP would have tea party groups investigated,1
According to O the GOP is old and on its way out,IRS scandal is a true gift to GOP for 2014,1
According to O the GOP is old and on its way out,charges for ALL GOP CONGRESSPERSONS,2
Cubs Pitcher Travis Wood hits a grand slam off the whitesux,Peavy gives up a Grand Slam to Travis Wood,5
pitcher Travis Wood hits a grand slam today,A pitcher hit a grand slam wtf,4
pitcher Travis Wood hits a grand slam today,Travis wood with a grand slam to put the Cubs up 61,4
pitcher Travis Wood hits a grand slam today,Travis Wood Chicago Cubs pitcher just hit a grand slam off Peavy haha,4
pitcher Travis Wood hits a grand slam today,Today Travis Wood hits a grand slam,5
pitcher Travis Wood hits a grand slam today,Wonder when the last time is that a pitcher hit a grand slam,3
Pitcher Travis Wood of the Cubs just hit a grand slam,Travis wood hit a grand slam lol he s also a pitcher lol,5
Pitcher Travis Wood of the Cubs just hit a grand slam,Elvis didnt hit a grand slam SMH,2
Pitcher Travis Wood of the Cubs just hit a grand slam,You just let up a grand slam to the pitcher,3
Pitcher Travis Wood of the Cubs just hit a grand slam,A grand slam was hit by a pitcher,4
Today Travis Wood hits a grand slam,TRAVIS WOOD GRAND SLAM HELL YEA,5
Today Travis Wood hits a grand slam,throwing a gem and hitting a grand slam,2
Today Travis Wood hits a grand slam,The White Sox just gave up a Grand Slam to a pitcher,4
So Travis Wood just hit a grand slam,Jake Peavy you just let the opposing pitcher hit a Grand Slam,4
So Travis Wood just hit a grand slam,Kids he is a pitcher plays for the cubs and hit a grand slam,4
So Travis Wood just hit a grand slam,Cubs pitcher Travis Wood hit a grand slam today,5
So Travis Wood just hit a grand slam,GRAND SLAM from the cubs pitcher,4
So Travis Wood just hit a grand slam,Travis Wood with a grand slam helping himself out with runs,5
Travis wood with a fucking grand slam,TRAVIS WOOD HITTIN A GRAND SLAM,5
A grand slam hit by a pitcher,Just let a pitcher hit a grand slam,5
A grand slam hit by a pitcher,Jake Peavy gave up a grand slam to Travis Wood,4
A grand slam hit by a pitcher,How do you give up a grand slam to a pitcher,5
Travis Wood just crushed a grand slam,Travis Wood just hit a grand slam off of Jake Peavy,4
Travis Wood just crushed a grand slam,pitcher who plays for the Cubs hit a grand slam,4
Have a happy Memorial Day weekend too,We wanted to wish everyone a safe and happy Memorial Day weekend,4
Have and safe happy Memorial Day weekend everyone,To all our friends at Whatsit Productions Films enjoy a safe happy Memorial Day weekend,4
Have and safe happy Memorial Day weekend everyone,Happy Memorial Day weekend from the CSI Library,4
Wishing you all a safe happy Memorial Day weekend,Wishing our Villanova family a safe and happy Memorial Day weekend,4
Happy Memorial Day Weekend 2013 to all,Yall have a safe and fun Happy Memorial Day Weekend,4
Happy Memorial Day Weekend 2013 to all,We are wishing all our donors a Happy Memorial Day Weekend,4
Happy Memorial Day Weekend 2013 to all,Happy Memorial Day to our clients and friends,4
Happy Memorial Day Weekend 2013 to all,A very happy Memorial Day weekend to all of you,5
Happy Memorial Day weekend to our passengers,Coming to you from DC happy Memorial Day Weekend,4
Happy Memorial Day weekend to our passengers,wishing u a happy Memorial Day weekend,4
Have a wonderful weekend and Happy Memorial Day,Happy Memorial Day Weekend to all our brothers and friends,4
Have a wonderful weekend and Happy Memorial Day,We wish everyone a Happy Memorial Day,5
Have a wonderful weekend and Happy Memorial Day,Have a safe and happy Memorial Day weekend from all us at the Holiday Inn Torrance,4
Happy Memorial Day everyone have a safe and happy weekend,Wishing everyone a very Safe and Happy Memorial Day weekend,4
MHP wishes you a safe and happy Memorial Day weekend,From all of us at Business Financial Services have a safe and happy Memorial Day weekend,4
MHP wishes you a safe and happy Memorial Day weekend,We hope that everyone has a very safe and happy Memorial Day Weekend,4
Happy Memorial Day Weekend one and all,Hope all my American friends and colleagues have a safe and happy Memorial Day weekend,4
Happy Memorial Day Weekend one and all,Have A Safe and Happy Memorial Day Weekend From NoNoSquito Bands,4
This app is for google chat on iOS,new google maps looks similar to ios app,1
This app is for google chat on iOS,Google Hangouts unifies messaging and video call notifications for android ios and web,2
BBM coming to iOSAndroid,Hangouts Googles New Unified Messaging Service For Web Android and iOS Devices,1
BBM coming to iOSAndroid,BlackBerry bringing BBM to iOS and Android apparently,5
BBM coming to iOSAndroid,Download Google Hangouts Unified Messaging App For Android iOS And Chrome Desktop Web Browser,1
BBM coming to iOSAndroid,Google Hangouts is now available for iOS,1
We launched Google Maps For iOS,Google launches API for Android and iOS game save data,1
We launched Google Maps For iOS,meanwhile google maps balik lagi ke iOS,4
Hangout app out on iOS prior to Android,BBM is now in android and iOS,1
Hangout app out on iOS prior to Android,ShowScoop launches a Yelp for live music app for iOS,1
Google Maps update coming to Android and iOS GoogleIO,meanwhile google maps balik lagi ke iOS,4
Hangouts for iOS is a nice app,Why doesnt the Google app for iOS start in Now,1
Hangouts for iOS is a nice app,I realize that Hangouts is available on ios,3
Hangouts for iOS is a nice app,New Google Maps for Android looks pretty much exactly like the current iOS one,1
Hangouts for iOS is a nice app,Theyre previewing the new Google Maps for iOS now at Google IO,1
Hangouts for iOS is a nice app,Google hangouts for iOS is out,4
Android caught up to iOS,Why doesnt the Google app for iOS start in Now,1
for android and IOS will be free,BlackBerry Messenger Soon To Be Made Available On Android And iOS Devices,1
for android and IOS will be free,Android is better than iOS,1
for android and IOS will be free,And let s not forget they called Google Maps for iOS,1
for android and IOS will be free,Download the dedicated Google Hangouts iOS app,1
Google to add Offers to Maps for Android and iOS,Come to iOS and Android this Summer,1
Google to add Offers to Maps for Android and iOS,BlackBerry announces BBM coming to iOS and Android later this summer,1
The new Google Hangouts App is now available on iOS,Any chance the AllAccess music comes to iOS,1
The new Google Hangouts App is now available on iOS,Ok we cant wait to have Bbm on andriod and iOS,1
But youre not in Japan,The girl next to me in science doesnt know where japan is,0
omg what time is it in Japan,I send a pizza right now to japan if you show us the video,0
omg what time is it in Japan,When they come to Japan,0
I will get to Japan,but soon they will fly to japan,0
I will get to Japan,Japan suspends wheat imports after Ore,0
I will get to Japan,Did you know most streets in Japan do not have names,0
Why does he have to be in Japan,Some crazy shit must be happening in Japan at the moment,0
Why does he have to be in Japan,to live i think okinawa japan bc idk the people are so nice and,0
Why does he have to be in Japan,How s Japan treating ya,0
wait it s already Friday in Japan,UK or Japan or Korea or,0
wait it s already Friday in Japan,They arrived in Japan yesterday,0
Have you good Time in Japan,see thats how we eat them in Japan,0
Have you good Time in Japan,If youre cool youd try to get me out to Japan in every way possible,0
have a nice day in JAPAN,it s now illegal to be overweight in Japan,0
have a nice day in JAPAN,leaves New Japan he s going to WWE,0
have a nice day in JAPAN,Hope all is well in Japan,0
AustinMahone are you still in Japan,If Im blessed to wrestle in Japan again,0
AustinMahone are you still in Japan,i got it in japan,0
AustinMahone are you still in Japan,In a scene out of Japan or even,0
AustinMahone are you still in Japan,Remember that youre speaking in a japan point of view,0
Skiing in Japan that s unnecessary,Hope all is well in Japan,0
Skiing in Japan that s unnecessary,AND HE HAS DONATED TO JAPAN WHEN THEY WHERE IN NEED,0
Skiing in Japan that s unnecessary,haha but how s japan,0
Skiing in Japan that s unnecessary,A wattermelon in japan is like 50,0
Jason Kidd and Grant Hill came in the league the same year,It s fitting Jason Kidd and Grant Hill retire together,3
Jason Kidd and Grant Hill came in the league the same year,Atleast Jason Kidd retired with a ring,1
Jason Kidd and Grant Hill came in the league the same year,Jason Kidd is retiring from the NBA and everyone s acting like he s so old,1
Jason Kidd and Grant Hill came in the league the same year,Jason Kidd and Grant Hill where 1995 CoRookies Of The Year,4
Damn Jason Kidd and Grant Hill retiring together,Jason Kidd got his ring with the Dallas Mavericks,1
Damn Jason Kidd and Grant Hill retiring together,Grant hill and Jason Kidd are getting a lotta for their careers for retiring,3
Damn Jason Kidd and Grant Hill retiring together,I know Jason Kidd retired and ish,1
Yes Jason Kidd Grant Hill both retired,Should the Nets retire Jason Kidd s number,1
Yes Jason Kidd Grant Hill both retired,When guys like Grant Hill and Jason Kidd are hanging it up,4
Yes Jason Kidd Grant Hill both retired,had no idea Jason Kidd and Grant Hill were even still playing in the NBA,3
Jason Kidd Jason Kidd has retired from the NBA,Jason Kidd retired as one of the best point guards in history,4
Jason Kidd Jason Kidd has retired from the NBA,Jason Kidd top five point guards of all time,3
GG Jason Kidd and Grant Hill,The tweet sounded like Im happy that Jason Kidd retired,1
The NBA will miss Jason Kidd and Grant Hill,Non other than the GREAT Jason Kidd,2
The NBA will miss Jason Kidd and Grant Hill,comJason Kidd retires from the NBACBS NewsNEW,3
The NBA will miss Jason Kidd and Grant Hill,Congrats to bay legend Jason Kidd on an amazing career,2
The NBA will miss Jason Kidd and Grant Hill,Nice job Supreme Court and Jason Kidd,1
Jason Kidd and grant hill retire from nba,Im so happy Jason Kidd has retired,3
Jason Kidd and grant hill retire from nba,Crazy how Jason Kidd finally retiring,3
Jason kidd is not a legend,Jason Kidd and Grant Hill retires together,1
Jason kidd is not a legend,Dang first Grant Hill then Jason Kidd,1
Jason kidd is not a legend,Jason Kidd There s a difference between playing and competing,2
Jason kidd is not a legend,Congrats to bay legend Jason Kidd on an amazing career,1
Jason kidd is not a legend,Without Jason Kidd NBA would NOT be the same,1
Jason Kidd Grant Hill officially retiring,Im just in shock over Jason Kidd retiring,5
Jason Kidd Grant Hill officially retiring,It was fun watching Jason Kidd over the years,3
GG Jason Kidd and Grant Hill,Jason Kidd us retiring after 19 years on the court,1
GG Jason Kidd and Grant Hill,Jason Kidd Grant Hill retiring are just another indication that the 90 s NBA is gone,1
GG Jason Kidd and Grant Hill,Jason Kidd really my dawg though,2
Is Lydia a classy hoe,DID YOU KNOW THAT Lydia IS TRENDING WW,1
Is Lydia a classy hoe,Lydia is just too much for us all to handle huh,2
What s Lydia personality like,NICKIMINAJ is Lydia a bad bitch or just a dorky assistant,1
What s Lydia personality like,Cuz Lydia was on twitter,1
What s Lydia personality like,Aint nobody gonna play Lydia tho,1
What s Lydia personality like,Lydia is such a cool name,1
What s Lydia personality like,Nicki Doesnt Look Like a Lydia lol,1
What s Lydia personality like,Ok is Lydia a freak or what,1
The BOSS BITCH Lydia is in the House,So why is Lydia on her 3rd marriage in the movie,2
The BOSS BITCH Lydia is in the House,Lydia is very opinionated and on her third marriage,3
Lydia is now trending WW,Miss JemimaPuddle n Lydiais loads,1
Lydia is now trending WW,Lydia is a cute as fuck name tho,0
What is Lydia s personality like,I think Lydia is actually cute classy,2
What is Lydia s personality like,The fact that we got Lydia to trend is just,1
What is Lydia s personality like,i knew some little girl name Lydia her fast ass,0
Lydia Seems Like A Classy Name,But I agree lydia the beat is good,0
Lydia Seems Like A Classy Name,You dont look like a Lydia tho,0
Can I taste you Lydia,MYYYYYYYYYY QUEEEEEEN Describe a little about LYDIADescribe a little about LYDIA,0
The name Lydia sounds Spanish,Lydia and I send the creepiest snap chat videos to eachother,0
Lydia is a GROOOOOOOWN woman,Bring back James and Lydia,0
Lydia is a GROOOOOOOWN woman,lydia is already famous shit,0
Lydia is a GROOOOOOOWN woman,Lydia is trending WW I cant,0
Lydia is a GROOOOOOOWN woman,Lydia is messing with my feelings so bad,0
I Hope Lydia Is Not The Other Woman,I wonder does Lydia have kids,1
I Hope Lydia Is Not The Other Woman,Lydia is such a cool name,0
I Hope Lydia Is Not The Other Woman,You got Lydia trending WORLDWIDE though Nic,1
I want the new MacBook Air 2013 model too,Really was hoping for a new apple MacBook Air 11 with Retina display,3
Checking up the new prices for Macbook Air,Welp I think I finally want a Macbook Air,2
Checking up the new prices for Macbook Air,The battery life on the MacBook Air tho,1
Pricing of the new Haswellbased MacBook Air,Should I buy one of those shiny new macbook air,2
Pricing of the new Haswellbased MacBook Air,But I do want the new MacBook Air,2
Pricing of the new Haswellbased MacBook Air,new Macbook Air uses Haswell Safari doesn t suck as,2
Pricing of the new Haswellbased MacBook Air,There s new macbook air but not for macbook pro,2
Apple Launches the all new MacBook Air,Ok the new Macbook Air has the haswell processors,3
Apple Launches the all new MacBook Air,The livestream quit on me just after the intro of the new MacBook Air,1
Apple Launches the all new MacBook Air,Also a new MacBook Air and Pro announced,4
New MacBook Air no new MacBook Pro,MacBook Air is the way to go,2
New MacBook Air no new MacBook Pro,The MacBook Air still doesnt have a disk drive,2
New MacBook Air no new MacBook Pro,Like when can you get your hands on a new Macbook Air 13 with Haswell,3
Apple introduced a new MacBook Air today,like iPhone iPad and Macbook Air,1
Apple unveils new Macbook Airs and a Mac Pro,i was pumped for the new macbook air,3
Apple unveils new Macbook Airs and a Mac Pro,No new Macbook Pros but there is a new Macbook Air,3
just new software for now and a new MacBook Air and Mac Pro,Im only reading about the Macbook Air update,1
just new software for now and a new MacBook Air and Mac Pro,Cant wait to get iOS 7 and possibly a MacBook Air,1
just new software for now and a new MacBook Air and Mac Pro,Unimpressed with iOS7 but do I ever want a new Mac Pro and MacBook Air,1
Can I have the new MacBook Air now please,New Macbook Air s Announced should be available within the next two weeks,3
Can I have the new MacBook Air now please,Is it bad that I want that new MacBook Air too,4
The Marlins defeated the Mets 43 in 20 innings,21 Marlins in the 20th inning,3
The Marlins defeated the Mets 43 in 20 innings,The FISH AKA The MARLINS Within 20 Innings,3
The Marlins defeated the Mets 43 in 20 innings,The yankees cant beat a team that cant beat the marlins,2
The Marlins defeated the Mets 43 in 20 innings,Marlins over Mets 21 in 20 innings,4
The Marlins defeated the Mets 43 in 20 innings,20 innings of the Mets Vs Marlins is torture,4
the mets and the marlins went 20 innings,21 MArlins win in the 20th,3
the mets and the marlins went 20 innings,Losing to the marlins in the 20th inning,3
The Mets and Marlins playing 20 innings,20 innings and they lose to the Marlins,3
The Mets and Marlins playing 20 innings,Wtf the Marlins played 20 innings today,4
Holy shit the Mets and Marlins played 20 innings,mets marlins 20th innings 20 innings ever be the mets the 20th jakemillermusic mets monsters,3
Holy shit the Mets and Marlins played 20 innings,Took 20 innings for the Marlins to beat the Mets 21,4
Holy shit the Mets and Marlins played 20 innings,LOL the Mets lost to the Marlins in 20 innings,4
Holy shit the Mets and Marlins played 20 innings,Mets and Marlins had a 20 inning game,5
Holy shit the Mets and Marlins played 20 innings,Marlins have won 17 7 of those are against the Mets,3
Marlins and the Mets had a 20 inning game,The Marlins just beat the Mets 21 in the 20th inning,4
And the Mets and Marlins go 20,marlins beat the mets 21 and it only took twenty innings,4
And the Mets and Marlins go 20,Mets and Marlins had a 20 inning game,5
And the Mets and Marlins go 20,Miami Marlins beat the NY Mets 21 in 20 innings,4
And the Mets and Marlins go 20,18 innings of jays then the last 2 of 20 of mets marlins,3
Somebody took the Marlins to 20 innings,Anyone who stayed 20 innings for the marlins,2
the mets and the marlins went 20 innings,The Mets just lost to the Marlins in 20 Innings,3
The Marlins just won 21 in 20 innings 20 INNINGS,20 innings play between the mets n marlins,3
The Marlins just won 21 in 20 innings 20 INNINGS,The Marlins just beat the Mets 21 in 20 innings,5
The Marlins just won 21 in 20 innings 20 INNINGS,The Miami Marlins vs NY Mets game went to twenty innings,3
The Marlins just won 21 in 20 innings 20 INNINGS,Mets really played 20 inning against the marlins,3
Damn the MetsMarlins game went 20 innings,Dont the Mets and Marlins also have to play a double header tomorrow,1
Damn the MetsMarlins game went 20 innings,The Marlins a little less apparently,1
Mets arent going to the World Series,Actually excited to watch the mets game tonight,1
Mets arent going to the World Series,The NY Mets edged up the NY Yankees 21 to kick off the Su,1
Mets arent going to the World Series,the Yankees lose to the Mets AND give up 1st place to the Red Sox,1
what channel is the mets game on,The Mets simply dont get it sometimes,1
what channel is the mets game on,The Mets have asked Mariano Rivera to throw the ceremonial first pitch,1
Classy gesture by the Mets for Mariano,The mets would look terrible if they shunned them,1
Classy gesture by the Mets for Mariano,real class shown by The Mets Mo Rivera is a legend,5
Classy gesture by the Mets for Mariano,Pretty classy for the Mets to ask Mo Rivera to throw the first pitch,4
Solid tailgate for the YankeesMets game,The Mets have asked Mariano Rivera to throw tonight s ceremonial first pitch,1
Solid tailgate for the YankeesMets game,Time for the Mets to Destroy the Yanks Tonight,2
Solid tailgate for the YankeesMets game,And I couldnt remember the Mets last decent 2nd round pick,1
Hope the Mets and Yankees still play tonight,Mets ask Mariano Rivera to throw out the first pitch in tonight s NYMNYY game,1
Hope the Mets and Yankees still play tonight,That s the Mets for you,1
Hope the Mets and Yankees still play tonight,Terrible job by the Mets on letting Rivera throw out the first pitch,1
he is more than that to the Mets,Mets are in route for the sweep,1
great sportsmanship on the Mets behalf,But it s not the Mets job to honor him,1
great sportsmanship on the Mets behalf,Here s hoping the Mets play this clip 100 times tonight,1
great sportsmanship on the Mets behalf,Mets have asked Rivera to throw out the first pitch,1
great sportsmanship on the Mets behalf,Mariano throwing out the first pitch at yanksmets,1
The Mets are 10 games under,Still gonna get the blue Mets and maybe a Dodgers,1
The Mets are 10 games under,After HarveyDay the Yanks Mets give it a go at the Stadium,1
The Mets are 10 games under,Mets have asked Mariano Rivera to throw tonight s first pitch at Citi Field,1
The Mets are 10 games under,the mets asking Mo Rivera to throw out the first pitch,1
The Mets have asked Mariano Rivera to throw the ceremonial first pitch,The MetsKuroda just unsure if either gets a W,1
Classy move by the Mets organization,Real classy of the Mets for all the tributes to Mo,4
ME TOO NIALL I NEED DIE,NIALL JUST HIT THE FOLLOW BUTTON,1
Hi Niall I love you so much,HEY NIALL PLEASE FOLLOW ME AND MY FREIND ItsNuggetMalik I LOVE YOUS,3
Can you following back me Niall,make that white button blue for me please Niall,4
GOOD MORNING I LOVE YOU MORE THAN YOU LOVE FOOD NIALL FOLLOW ME,please Niall follow me I would be so happy,4
NIALL I LOVE YOU FOLLOW ME PLEASE,Niall I just want you to notice me,3
NIALL I LOVE YOU FOLLOW ME PLEASE,what you up to today Niall,2
NIALL I LOVE YOU FOLLOW ME PLEASE,Niall If your online and see this,2
NIALL I LOVE YOU FOLLOW ME PLEASE,Why doesnt niall follow me he loves me I know he does,3
NIALL I LOVE YOU FOLLOW ME PLEASE,I think Niall fell asleep again,2
Niall I just want you to notice me,i hate mornings too Niall,1
Niall I just want you to notice me,ow Niall I couldnt have see you in the Netherlands my hearts was broken,1
Niall I just want you to notice me,Im meeting Harry Louis Liam Zayn and Niall,1
Niall I just want you to notice me,after all this time i still dont have a niall follow,3
Niall I just want you to notice me,I love morning why you hate it niall,1
Niall I just want you to notice me,NiallOfficial are you tired niall,1
NIALL YOU SHOULD FOLLOW US,Niall I hate time zones so much,1
NIALL YOU SHOULD FOLLOW US,i dont know michael but im have a feeling niall will,1
NIALL YOU SHOULD FOLLOW US,I hope Niall follow you,3
NIALL YOU SHOULD FOLLOW US,I know you probably wont see this Niall but I love you so much,2
I love morning why you hate it niall,NIALL PLEASE FOLLOW ME IM ABOUT TO GIVE UP,1
Niall I just want you to notice me,NIALL PLEASE FOLLOW ME AND KHLARICA,2
The POTUS stay getting heckled,CAN WE DETAIN THE HECKLER SO POTUS CAN FINISH THIS CONFERENCE,4
The POTUS stay getting heckled,Youre not listening to POTUS,2
The POTUS stay getting heckled,Do you think POTUS read your book,1
The POTUS stay getting heckled,What a LET DOWN shifting from our POTUS to The Cycle,1
POTUS mispronounced the terrorists last name,who exactly do you think you are to question the FurorI mean POTUS,1
POTUS mispronounced the terrorists last name,They cant explain POTUS speech so revert to disaster porn,1
how can anyone heckle the POTUS,Who s the crazy lady heckling POTUS,5
I love twitter during the POTUS speeches,I swear what a POTUS BEST IN MY LIFETIME,2
I love twitter during the POTUS speeches,interrupts POTUS speech and is eventually escorted out,1
I think potus is on drugs,POTUS is the one who is effective,1
Who in the HELL is the woman interrupting the POTUS,Allowing her to emphasize what POTUS wants to do,1
Who in the HELL is the woman interrupting the POTUS,POTUS to engage Congress on a new AUMF,1
He is the POTUS Let the man speak,Who is the RUDE woman who continued to interrupt POTUS,3
Youre not the POTUS problem,POTUS now talking about closing Gitmo,1
Youre not the POTUS problem,POTUS to engage Congress on a new AUMF,1
what the hell is potus talking about,Millions of people across the US have questions they want to ask POTUS,1
what the hell is potus talking about,Meanwhile the POTUS calm as ever,1
It never does when the subject is POTUS,interrupting POTUS at a presser is not cool,1
It never does when the subject is POTUS,the moment when the POTUS needed to show his black half and smackabitch was today,1
It never does when the subject is POTUS,Mad because of blatent disrespect for POTUS,1
It never does when the subject is POTUS,How is the lady that keeps interrupting POTUS still in the room,1
13 May 2013 Roberto Mancini sacked as Man City Manager,hey breaking news roberto mancini sacked by man city,4
13 May 2013 Roberto Mancini sacked as Man City Manager,I like Roberto Mancini as a manager,1
13 May 2013 Roberto Mancini sacked as Man City Manager,Roberto Mancini just got sacked after that shit season,4
13 May 2013 Roberto Mancini sacked as Man City Manager,The sacking of Roberto Mancini is fucking ridiculous,3
City is so sad Roberto Mancini got sacked,Man City announces the sacking of Roberto Mancini,3
City is so sad Roberto Mancini got sacked,Fucking pathetic the way Roberto Mancini has been sacked great manager in my opinion,4
Manchester City have sacked manager Roberto Mancini after the club s ambitious,So Man City has sacked manager Roberto Mancini,4
Manchester City have sacked manager Roberto Mancini after the club s ambitious,Manchester City reveal their reasons behind the dismissal of manager Roberto Mancini,3
The Manchester City manager Roberto Mancini has been sacked after his team failed,Roberto Mancini has been sacked as Manchester City manager after threeandahalf years at the club,4
The Manchester City manager Roberto Mancini has been sacked after his team failed,Manchester City confirm Roberto Mancini has been sacked,4
The Manchester City manager Roberto Mancini has been sacked after his team failed,Manchester City have sacked Roberto Mancini can this day get any better,4
So Roberto Mancini has been officially sacked as Man City s manager,UK football manager Roberto Mancini sacked by Manchester City,5
So Roberto Mancini has been officially sacked as Man City s manager,Roberto Mancini wins the Premier League with Man City for the first time since 68,1
So Roberto Mancini has been officially sacked as Man City s manager,Roberto Mancini has been sacked officially,4
So Roberto Mancini has been officially sacked as Man City s manager,MCFC have sacked manager Roberto Mancini,4
Man city coach roberto mancini has been sacked,Man City say Roberto Mancini sacked after targets,4
Man city coach roberto mancini has been sacked,Roberto Mancini is now officially gone at MCFC,5
Manchester City statement on the sacking of Roberto Mancini,Man city coach roberto mancini has been sacked,4
Manchester City statement on the sacking of Roberto Mancini,Manchester City has fired manager Roberto Mancini after conceding the,4
Manchester City statement on the sacking of Roberto Mancini,Roberto Mancini is no longer coach of Manchester City,4
Manchester City statement on the sacking of Roberto Mancini,Manchester United celebrating trust those noisy neighbours Manchester City to sack Roberto Mancini,3
Manchester City statement on the sacking of Roberto Mancini,Man City win the League for the first time in 44 years under Roberto Mancini,1
Roberto Mancini has been sacked by Manchester City with the Blues saying,Roberto Mancini has been sacked by Man City haha brilliant,4
Roberto Mancini has been sacked by Manchester City with the Blues saying,Roberto Mancini is looking for a job,3
Roberto Mancini has been sacked by Manchester City with the Blues saying,Roberto Mancini gets the boot from Man City,4
I WAS going to San Diego tomorrow,Hey move to San Diego and date me k,1
I WAS going to San Diego tomorrow,It takes eleven years to become San Diego native,1
I WAS going to San Diego tomorrow,Rock N Roll Marathon this weekend in San Diego,1
In San Diego to tape the Rick Amato Show in the morning,We made it to San Diego just in time,1
Party bus to San Diego tomorrow,The San Diego Experiences Daily is out,1
Party bus to San Diego tomorrow,San Diego California is so lucky to have this sweet boy in August,1
Party bus to San Diego tomorrow,Thank you to 92130 Magazine for the article on ACTSan Diego,1
Im going to MCRD San Diego in 1 month,is selling a 2002 Ford F150 in San Diego CA with a Standard Ad,1
Im going to MCRD San Diego in 1 month,Quick have you been to San Diego,1
My 2 little cousins in San Diego,Just passed the exit for San Diego,1
My 2 little cousins in San Diego,can i just leave to san diego already for the summer,1
Finally IMPACTWRESTLING is coming to San Diego,San Diego can be a little sketch in some parts so be careful,1
Finally IMPACTWRESTLING is coming to San Diego,Shout out to this kid treykell representing San Diego s SDA this weekend at the PangosAllAmericanCamp,1
In San Diego to tape the Rick Amato Show in the morning,I forgot San Diego even had a MLB team,1
In San Diego to tape the Rick Amato Show in the morning,the drummer lives in San Diego yes,1
In San Diego to tape the Rick Amato Show in the morning,Can aauthorsmusic please come to San Diego,1
In San Diego to tape the Rick Amato Show in the morning,Finally IMPACTWRESTLING is coming to San Diego,1
In San Diego to tape the Rick Amato Show in the morning,hi Austin are you looking forward to coming to san diego,1
Were supposed to be in San Diego in August,Ill DM you my itineraryIm going to adamlambert s concert in San Diego,1
Were supposed to be in San Diego in August,San Diego for the Fourth of July,1
Were supposed to be in San Diego in August,The Man of the year Logic301 murdered San Diego,1
Were supposed to be in San Diego in August,Look forward to seeing you San Diego,2
Going to San Diego comic con,1littleliongirl have fun in San Diego,1
Going to San Diego comic con,Learning about the 1997 San Diego mass suicide,1
Going to San Diego comic con,Wine StealsProper in San Diego has closed,1
sarah Palin at the IndyMia game,Sarah Palin is rooting for Indiana,3
sarah Palin at the IndyMia game,Sarah Palin is at the game are you pumped,3
sarah Palin at the IndyMia game,Sarah Palin has no idea that she s at a basketball game,3
sarah Palin at the IndyMia game,Why is Sarah Palin cheering for the Pacers,3
sarah Palin at the IndyMia game,Sarah Palin is at the PacersHeat game tonight but is reportedly cheering on the Mavericks,3
sarah Palin at the IndyMia game,Sarah Palin getting a lot of boos on the jumbotron,1
Sarah Palin at the game TF,What the heck is Sarah Palin doing at the game,5
Great Sarah Palin is at the Pacers game jinx on Indiana,Sarah Palin is rooting for Indiana,4
Great Sarah Palin is at the Pacers game jinx on Indiana,LAWD Sarah Palin is at the Heat vs Pacers game,4
Great Sarah Palin is at the Pacers game jinx on Indiana,They booed the hell out Sarah Palin,2
Great Sarah Palin is at the Pacers game jinx on Indiana,I want to sit next to Sarah Palin,2
Great Sarah Palin is at the Pacers game jinx on Indiana,Sarah Palin at the Pacers game lol she still a,4
Great Sarah Palin is at the Pacers game jinx on Indiana,I see that Sarah Palin is present for the PacersHeat game,4
Apparently Sarah Palin is at the Pacer s game,Sarah Palin showed up to the Heat game in hopes that Glen Rice still plays,4
Apparently Sarah Palin is at the Pacer s game,Sarah Palin looking moderately attractive at the Heat vs Pacers game,4
Sarah Palin is at the game looking sexy,Sarah Palin is at the game and Im not,4
Sarah Palin is at the game looking sexy,Well Sarah Palin is at the game so now my head hurts,3
Sarah Palin is at the game looking sexy,Sarah Palin s sitting court side at the Heat game right now,4
Sarah Palin is at the game looking sexy,watching the game with my dad they showed Sarah Palin and we collectively made a face,3
I wonder if Sarah Palin is at the game,SARAH PALIN JUST GOT BOOED ON THE CELEB CAM,2
I wonder if Sarah Palin is at the game,Sarah Palin was booed loudly in INDIANA,2
I wonder if Sarah Palin is at the game,Dont know if I like the pacers Sarah Palin is,2
What in the fuck is Sarah Palin doing at heatvspacers game,Sarah Palin at the heat game danfischer17,4
What in the fuck is Sarah Palin doing at heatvspacers game,Sarah Palin spotted at the pacers vs heat game,4
Sarah Palin is at the Heat v Pacers playoff game,Correction the worse nightmare come true was seeing Sarah Palin at the NBA Conf,3
Sarah Palin is at the Heat v Pacers playoff game,Sarah Palin can give me the neck thooooo,1
Sarah Palin s at the HeatPacer game,Why in the world is Sarah Palin at the Pacers game,4
Eww Sarah Palin is at the Pacers game,I wish Sarah Palin had a sextape,1
Shonda Rhimes is a bad sista,Oh Shonda you did that honey,3
Shonda Rhimes has to be getting paid,Shonda is killing me with this,1
Shonda Rhimes has to be getting paid,Lmbo Shonda Rhimes did that,1
Shonda Rhimes has to be getting paid,Shonda just fucked us raw,1
Shonda Rhimes has to be getting paid,Cuz Shonda be demonizing folks with the quickness,1
Shonda is a bad mutha,Cast Writers Shonda just awesome,3
Shonda is a freaking genius,Shonda you are a beast,3
Shonda is a freaking genius,THAT LADY IS AMAZING I LOVE SHONDA,4
Shonda is a freaking genius,Dang Shonda knows she can write,4
Shonda is a freaking genius,Shonda Rhimes is black woman,1
Shonda Rhimes is a great writer,Im so over Shonda her bullshit,1
Shonda Rhimes is a great writer,shonda rhimes needs to write a book,5
Shonda Rhimes is a great writer,All i saw was shonda this shonda that,1
Shonda Rimes is a genius,As much as I like Castle Shonda Rhimes just killed it tonight,4
Shonda Rimes is a genius,Shonda is a GENIUS didnt see it coming,5
Shonda Rimes is a genius,I swear I just want to meet Shonda Rhimes,3
wtf is going on shonda,So Shonda did Grey s AND Scandal,1
wtf is going on shonda,Shonda bank account about to catch up with Oprahs,1
wtf is going on shonda,Shonda Rhimes is doing the absolutely MOST,1
Shonda Rhimes is a sadist,The fact that Shonda Rhimes is trending right now is actually hilarious,1
Shonda is cruel like that,Shonda got me in a lurking mode,3
Shonda is cruel like that,I want to know Shonda s relationship perspectives on black men,2
SHONDA RHIMES is trending on twitter,What this shonda jont do,1
That sounds like a great reunion opportunity though,sounds great Ill do the same then,0
That sounds like a great reunion opportunity though,Sounds like u had a lucky escape Hun,0
That sounds like a great reunion opportunity though,sounds like a total kick ass series,0
That sounds like a great reunion opportunity though,Sounds like the basis of a novel,0
That sounds like a great reunion opportunity though,take the silencer out of the bikes it sounds like a phat phaty,0
this tweet sounds like me,Edmund Burke Sounds like he knows BJJ,0
this tweet sounds like me,That ish sounds dank af right about now,0
this tweet sounds like me,sounds like some kinda nut you find in ya ice cream,0
this tweet sounds like me,whatever has happened that sounds like a good idea,0
this tweet sounds like me,Buffalo wild wings sounds good right now,0
mann that sounds like heaven,Sounds like a plan batman,0
mann that sounds like heaven,Sounds like some experimentaion is in order,0
That oddly sounds like a reference to dogs,Sounds like Summer to me,0
hahaha that sounds like me,Sounds like a girl game,0
hahaha that sounds like me,That sounds totally reasonable to me,0
hahaha that sounds like me,Sounds like a successful day to me,0
hahaha that sounds like me,ewwww sounds like you got the runs,0
Wow sounds like that hurts,Sounds top class to me,0
Wow sounds like that hurts,Any ThorDarkWorld meetingsstuff sounds good to me,0
Wow sounds like that hurts,Ye that sounds good to me,0
Wow sounds like that hurts,That sounds like a question for his parents,0
Wow sounds like that hurts,Yeah this sounds a lot like 90s trance with some vinyl pops thrown in,0
Wow sounds like that hurts,Sounds like my dad in a nutshell,0
sounds like a plan mr Stevens,Sounds like my new bible,0
sounds like a plan girls,Sounds like an OZsome year to us,0
sounds like a plan girls,sounds like youre in for a hell of a weekend,0
sounds like a plan girls,And no that s not as dirty as it sounds,0
Why is Star Wars on the tv tho,I fucking feel bad for mother fuckers that havent seen star wars,1
Why is Star Wars on the tv tho,Fuckin Star Wars is on and you wanna talk on the phone,4
Why is Star Wars on the tv tho,Star Wars AND Princess Diaries is on,4
Why is Star Wars on the tv tho,Haha i wanted star wars action figures few months ago,1
when is a star wars movie not on,am I the only one who thinks Star Wars is dumb af,2
when is a star wars movie not on,Star Wars is on so I guess there s my night,2
when is a star wars movie not on,is it weird that i love star wars,2
when is a star wars movie not on,I tried to watch Star Wars and I only kept it on for like 3 seconds,3
Star Wars on the other hand,Star Wars will NEVER get old,2
Star Wars on the other hand,Anyone up for a Star Wars marathon,2
Hell yeah Star Wars is on,You should be the one doing the next Star Wars movies,1
Hell yeah Star Wars is on,And I dont know if I still have the Star Wars movies either,1
Hell yeah Star Wars is on,Star Wars and lord of the rings on tv,4
Star Wars Return of the Jedi is on,Why is my boyfriend watching Star Wars right now,4
Star Wars Return of the Jedi is on,My favorite Star Wars movie is on,4
I must confess I love Star Wars,Turn on your TV to Spike and watch Star Wars,3
I must confess I love Star Wars,Star Wars will NEVER get old,5
I must confess I love Star Wars,Star Wars Return of the Jedi on Spike,3
I must confess I love Star Wars,I LOVE ALL THE STAR WARS LOVE ON MY TL RIGHT NOW,4
I must confess I love Star Wars,Somebody watch Star Wars with me please,4
Star Wars is on at the gym,watching Star Wars and the emperor is really mind rapey with Luke,1
Star Wars is on at the gym,your making me want to go watch star wars now,2
Star Wars is on at the gym,and of course because I drink and like Star Wars I know nothing about football,1
Star Wars is on at the gym,Star Wars Return of the Jedi on Spike,3
Which Star Wars episode should I watch,I have so much of a life that Im at home watching Star Wars,2
Which Star Wars episode should I watch,My parents are watching Star Wars,1
Uhm I need to sleep but Star Wars is on,Wow of course we would watch Star Wars,3
Uhm I need to sleep but Star Wars is on,The old Star Wars movies are so much better than some of the new ones,1
Uhm I need to sleep but Star Wars is on,puppy Arnold Palmer and Star Wars,1
when is a star wars movie not on,The Phantom Menace is no one s favorite Star Wars movie,1
Why did I just eat Taco Bell,Taco bell comes in handy at night,3
Why did I just eat Taco Bell,All this taco bell talk is making me hungry,1
I see you Taco Bell I see you,Im at Taco Bell right now,3
I see you Taco Bell I see you,Taco Bell over McDonald s any day,2
Crafting and Taco Bell with the girls,Now Taco Bell s closed what a day Im having,1
Crafting and Taco Bell with the girls,I write ballads about Taco Bell,1
And that taco bell hit the spot,Just spent 44 dollars at Taco Bell,3
And that taco bell hit the spot,did all of that 17 go to those awesome Taco Bell Churros,3
I just had the best Taco Bell ever,I have KFC Taco Bell and Chinese food in my refrigerator,1
I just had the best Taco Bell ever,Went to Taco Bell once and ordered in Mexican,1
I just had the best Taco Bell ever,It s 1236 and they guy in the Taco Bell drive thru denied me tacos,1
I just had the best Taco Bell ever,A number 6 from taco Bell would be super clutch right now,2
I just had the best Taco Bell ever,I dont understand how people eat Taco Bell as frequently as they do,1
Mackay is buying me taco bell,I need to run to Taco Bell and stop playing lol,1
I just went to Taco Bell for one taco,To have Taco Bell or to not have Taco Bell,2
I just went to Taco Bell for one taco,I will brin them Taco Bell chipotle soo they let me stay,1
I just went to Taco Bell for one taco,Someone called Taco Bell beat boxing,1
I am getting taco bell tomorrow,Omg and she bought me taco bell,1
I trust this fool at Taco Bell to get my order right,ahhhh shit my dad got me Taco Bell,1
I trust this fool at Taco Bell to get my order right,Treating myself to some Taco Bell,1
I trust this fool at Taco Bell to get my order right,Shoot now I just want Taco Bell,1
no you live in Texas,team repositioning from texas to kansas,0
no you live in Texas,Hoping to go to Texas this summer,0
bring the UFC back to south texas,When are you coming back to Texas,0
bring the UFC back to south texas,How many times do we have to listen to bloody Texas tonight,0
bring the UFC back to south texas,Id rather live in red TN that Texas lol,0
bring the UFC back to south texas,Going to Texas to seemy family and see amarder5 graduate from college,0
bring the UFC back to south texas,Texas Roadhouse with my ruv,0
I should move back to Texas myself,Ive got to get out of east Texas,0
I should move back to Texas myself,Im sure youre having fun in Texas,0
I should move back to Texas myself,I once paid to go and see Texas play a show in Dublin Castle,0
Watching the new Texas Chainsaw,oh my Godddddd I have never been this happy to be back in Texas,0
Watching the new Texas Chainsaw,Prayers and goodwill out to the tornado victims in Texas,0
Watching the new Texas Chainsaw,How many times do we have to listen to bloody Texas tonight,0
Watching the new Texas Chainsaw,Texas center Elbert Robinson is hoping to visit Louisville in the summer,0
Looking at apartments in Austin Texas,when are you coming to Texas so you can marry me,0
Looking at apartments in Austin Texas,Texas roadhouse parking lot completely full,0
Looking at apartments in Austin Texas,get me that first class flight to Texas,0
what about Dalton in Texas,Heading back home to Texas and then off to PINECOVE for the whole summer,0
Seriously Considering Going To A College In Texas,EXACTLY two weeks till I come back to Texas thank Jesus,0
Seriously Considering Going To A College In Texas,I love summertime in Texas but I hate the bugs that come along with it,0
Seriously Considering Going To A College In Texas,Im moving to Texas to marry AJ okay,0
Seriously Considering Going To A College In Texas,My home girl has be watching Texas Chainsaw Massacre,0
she s in Texas Chica,Will be in Texas alot sooner than I thought,0
she s in Texas Chica,Texas roadhouse parking lot completely full,0
she s in Texas Chica,these Texas Legends were the basis for our character s names,0
she s in Texas Chica,Seriously Considering Going To A College In Texas,0
About to see if ntz have the purge,aw go to the movies tonight to see the purge,3
Hopefully going to see the purge tonight,Debating if I should see the purge tonite,5
Hopefully going to see the purge tonight,Taking mommy to see The Purge for her birthday today,4
Hopefully going to see the purge tonight,I gotta see The purge this weekend,4
Going to see the Purge this weekend,Of Course I Had Dreams About The Purge All Night,2
Going to see the Purge this weekend,Can someone just take me to see the purge already,3
Who want s to go see the purge today,Everybody going to the movies today tk see The Purge,3
might just go see The purge,I heard the purge was BOOOTAAAAY,3
might just go see The purge,So ready to go see the purge,5
might just go see The purge,so I have nobody to see the Purge with,3
I want to go to the movies tonight and see the purge,I caaaaant wait to see the Purge ltrauzzi,4
I want to go to the movies tonight and see the purge,That s so bad about the purge,1
I want to go to the movies tonight and see the purge,People thought The Purge was a comedy,1
I want to go to the movies tonight and see the purge,So the purge aint worth it,1
I want to see the purge now,Someone go see The Purge with me today,4
I want to see the purge now,AND I WANT TO GO SEE THE PURGE,5
I want to see the purge now,Who s up to watch the Purge with me tonight,4
I want to watch the purge tonight,I want to go see The Purge who wants to come with,4
I want to watch the purge tonight,It s about to the purge up in this bitch,0
I want to watch the purge tonight,Im debating going to see The Purge at 1210 by myself,4
I want to watch the purge tonight,Thinking bout going to see the purge,4
I want to watch the purge tonight,Im dragging my bf to see the Purge tonight no matter what,4
Ahhh I want to see the purge tonight,Everybody keep saying The Purge was lame,1
Ahhh I want to see the purge tonight,The Purge is gonna be good omfg I cant wait to see it,4
Thornton with a glorious chance,Break his fucking arm Thornton,1
Thornton with a glorious chance,thornton is an absolute animal,2
Thornton with a glorious chance,Win or lose I love Thornton,3
Thornton with a glorious chance,Bout time Thornton dropped the gloves,1
Not much of a fight Dorsett was afraid of Thornton,Im hoping this DorsettThornton rivalry continues,3
Dorsett just called Thornton a C sucker,ya im a big fan on Thornton,1
Dorsett just called Thornton a C sucker,Thornton with a glorious chance,1
Dorsett just called Thornton a C sucker,An MMA affair at center between Dorsett and Thornton,3
That a boy Shawn Thornton,dorsett and thornton will be going another round tonight i guarantee it,1
That a boy Shawn Thornton,Thornton is such a bitch for a big guy,1
Thornton and Dorsett going at it,Dear refs Thornton going to kill him,3
Thornton and Dorsett going at it,Haha he went after paille and Thornton ran up to him lol,3
Thornton and Dorsett going at it,Thornton vs Dorsett wasnt great but then again it was,4
Thornton is a fuckin monster,Shawn Thornton has proven to be the best Thornton,1
Thornton giving it to Dorsett,Thornton is just a shit chris neil,1
Terrible things happening in Turkey,Children are dying in Turkey,4
Terrible things happening in Turkey,Voice of Turkey social networking websites blocked in Turkey,4
Terrible things happening in Turkey,dont be three monkey aganist violence in Turkey,2
Terrible things happening in Turkey,Be with us to stop the violence in Turkey,4
Terrible things happening in Turkey,Turkey s media is obviously censored,4
I want a turkey leg,Are you sure you arent just in Turkey,0
I want a turkey leg,People in Turkey are getting killed by the police now,0
I want a turkey leg,Protests in Turkey am wondering is this rise or fall of Muslim nations globally,0
turkey stuck in to throat,Turns out Turkey s really good at being in the EU,0
turkey stuck in to throat,Australians visiting Turkey are now charged the most for a VISA to enter Turkey,0
turkey stuck in to throat,Protesters defiant as unrest in Turkey enters third day,0
to see what really is going on in Turkey,they want the president to resign and want the old normal Turkey back,3
to see what really is going on in Turkey,u know this is a widespread problem in Turkey,2
to see what really is going on in Turkey,It is disgusting what is happening in Turkey,2
Pray for the revolutionaries in Turkey Syria and palestine,The state in Turkey another word for,1
You want minorities to rule in Turkey,Turkeys geziparki And Similarities With Other Social MediaDriven Protests,1
You want minorities to rule in Turkey,A lot of stuff happening in Turkey,2
You want minorities to rule in Turkey,Watch out comrades the CIA has many operatives in Turkey,1
Pray for the revolutionaries in Turkey Syria and palestine,YOUR BIG FANS IN TURKEY are now getting killed by the police,2
Pray for the revolutionaries in Turkey Syria and palestine,What the hell is going on in Turkey,2
Pray for the revolutionaries in Turkey Syria and palestine,Adana in southern Turkey receives its share of police brutality,3
I want a turkey sandwich,Dont serve me turkey bacon and expect respect,1
I want a turkey sandwich,if you support the innocent people of Turkey,0
I want a turkey sandwich,Protesters in Turkey overpowering the police taking their shields as trophies,0
I want a turkey sandwich,Lovely holiday rentals in Turkey,0
Children are dying in Turkey,Let me get this straight Turkey is rioting because of a,1
Children are dying in Turkey,Keep an eye on Turkey and also those injured in your thoughts,1
Children are dying in Turkey,great coverage on the events going on in Turkey,1
Children are dying in Turkey,Is Turkey s secular system of governance in danger,2
now udonis haslem is the heart and soul of the heat,they realized it was udonis haslem s house,1
now udonis haslem is the heart and soul of the heat,Udonis Haslem is the upgraded version of Zydrunas jondeuce,1
What is up with Udonis Haslem s beard,Smoke em if Udonis Haslem lol,1
Udonis Haslem is killing the Pacers by himself,Only player I respect on the Heat is Udonis Haslem,2
Udonis Haslem is killing the Pacers by himself,Udonis Haslem you are one cool customer,2
Udonis haslem is the reason we won tonight,Udonis Haslem should play Wolverine in a blaxpolitation version of XMen,2
Udonis haslem is the reason we won tonight,Udonis Haslem is the Trick Daddy of the NBA,2
Udonis Haslem is on the post game show,Udonis Haslem had jumped back over the shark,1
Udonis Haslem is on the post game show,Udonis haslem for sure does crack,1
Udonis haslem is lookin like Hornacek in the fucking corner b,Is there a better midrange shooter coming off the bench than Udonis Haslem,1
Udonis haslem is lookin like Hornacek in the fucking corner b,I am a big time fan of Udonis Haslem,1
Udonis Haslem has the ugliest jumper,Udonis Haslem is the best power forward in the NBA,1
Udonis Haslem has the ugliest jumper,Udonis Haslem might be my favorite player on the heat,1
Udonis Haslem has the ugliest jumper,Udonis Haslem is a disgusting human being,2
And passing the fire on to Udonis Haslem,LeBron carried the load Udonis Haslem showed up,3
And passing the fire on to Udonis Haslem,Three outlet passes to Udonis Haslem,3
this is the same Udonis Haslem from the WadeShaq championship,Ray Allen cant hit and Udonis Haslem cant miss,2
this is the same Udonis Haslem from the WadeShaq championship,Why do I dislike Udonis Haslem,1
this is the same Udonis Haslem from the WadeShaq championship,That is why udonis haslem is still the heart and soul of this team,3
World of Jenks is one of the best shows on TV,Watching world of jenks and this is some amazing stuff,4
World of Jenks is one of the best shows on TV,World of Jenks is my favorite show on tv,4
World of Jenks is one of the best shows on TV,Watching the world of jenks and the big boy started crying,2
World of Jenks is the only show I enjoy watching on MTV,Tonight s episode of World of Jenks is so sad but funny at the same time,3
Chad from world of Jenks is the absolute cutest,The World of Jenks is probably the most realest show Ive ever seen,1
Chad from world of Jenks is the absolute cutest,So why is World of Jenks on every other week this is so frustrating,1
Chad from world of Jenks is the absolute cutest,Chad from World of Jenks is so adorable,5
World of Jenks is the only show I enjoy watching on MTV,Watching world of jenks love this show,4
World of Jenks is the only show I enjoy watching on MTV,The World of Jenks is so inspiring,4
World of Jenks is the only show I enjoy watching on MTV,The World of Jenks season finale was amazing,3
World of Jenks is the only show I enjoy watching on MTV,I DONT WANT THE WORLD OF JENKS TO BE OVER,4
Chad on The World of Jenks is so freakin sweet,This World of Jenks finale is sad but in a good way,1
Chad on The World of Jenks is so freakin sweet,Such a good season of the world of jenks,1
The season finale of World of Jenks is tonight,World of Jenks is such an amazing TV show,2
The world of jenks is such a real show,I love Chad on World of Jenks he s great,1
The world of jenks is such a real show,Chad on The World of Jenks is my favorite person in this whole world,1
The world of jenks is such a real show,This World of Jenks episode is making my heart smile so big,3
The world of jenks is such a real show,I feel so bad for Chad on World of Jenks,2
The world of jenks is such a real show,Jenks from the World of Jenks is such a good person,2
The World of Jenks is over damn,I love World of Jenks so much Why does it have to be the finale already,4
WORLD OF JENKS IS ON AT 11,This season finale of The World of Jenks is legit,2
WORLD OF JENKS IS ON AT 11,World of Jenks is my favorite show on tv,2
WORLD OF JENKS IS ON AT 11,The world of jenks got lame real fast,1
ZBo is gettin muddy,Havent seen ZBo s rainbow jumper this series,1
ZBo is gettin muddy,you know the story of ZBo the bull,1
ZBo is gettin muddy,They needed u ZBo,1
ZBo made a jumper,Damn zbo got crossed up,1
ZBo made a jumper,ZBo not so much,1
ZBo just got CROSSED over,ZBo a grown man in the paint,1
ZBo just got CROSSED over,ZBo Hands r unbelievable,1
ZBo is frustrated with Manu,ZBo overrated or no,1
zbo is a beast,Zbo is Zero in this series,1
zbo is a beast,ZBo gonna catch a body tonight,3
zbo is a beast,ZBo is the reason for the end I the grizzles Season,1
This is the Zbo quarter,but ZBo disappointing every game,1
This is the Zbo quarter,Woulda been nice to see ZBo in the finals tho,1
This is the Zbo quarter,Love Memphis attitude toward ZBo,1
ZBo 1653 for the series,If ZBo showed up they wouldve won the series,1
ZBo 1653 for the series,ZBo s back and the Grindhouse is alive,1
ZBo 1653 for the series,ZBo rhymes with free throw,1
Nobody is outboarding ZBo,TayshaunTony on the wings with ZBo Marc covering the paint,1
Nobody is outboarding ZBo,Cmon zbo u need these,1
Nobody is outboarding ZBo,ZBo s play in this series,1
Nobody is outboarding ZBo,ZBo with a threepoint play,1
Ball dont lie ZBo,like ZBo isnt excessively physical at times,1
Ball dont lie ZBo,ZBo Hands r unbelievable,1
Ball dont lie ZBo,ZBo is the reason for the end I the grizzles Season,2
Ball dont lie ZBo,If Zbo didnt make that shot,2
The Spurs own ZBo,ZBo is a fucking scrub,1
The Spurs own ZBo,ZBo hit these free throws bruh,1
The Spurs own ZBo,I told you feed Zbo,1
The Spurs own ZBo,Memphis is still my team and ZBo is still my dude,1
